mech	pathway_record	pathway_label	accession	participant_id	participant_label
NaturalProductMech	WikiPathways:WP5060	Peptidoglycan cytoplasmic synthesis and recycling pathways	P02918	UniProtKB:P02918	Penicillin-binding protein 1A
NaturalProductMech	WikiPathways:WP5060	Peptidoglycan cytoplasmic synthesis and recycling pathways	P02919	UniProtKB:P02919	Penicillin-binding protein 1B
NaturalProductMech	WikiPathways:WP5060	Peptidoglycan cytoplasmic synthesis and recycling pathways	P07862	UniProtKB:P07862	ddlB
NaturalProductMech	WikiPathways:WP5060	Peptidoglycan cytoplasmic synthesis and recycling pathways	P08373	UniProtKB:P08373	murB
NaturalProductMech	WikiPathways:WP5060	Peptidoglycan cytoplasmic synthesis and recycling pathways	P0A6B4	UniProtKB:P0A6B4	alr
NaturalProductMech	WikiPathways:WP5060	Peptidoglycan cytoplasmic synthesis and recycling pathways	P0A6W3	UniProtKB:P0A6W3	mraY
NaturalProductMech	WikiPathways:WP5060	Peptidoglycan cytoplasmic synthesis and recycling pathways	P0A759	UniProtKB:P0A759	nagB
NaturalProductMech	WikiPathways:WP5060	Peptidoglycan cytoplasmic synthesis and recycling pathways	P0ABG4	UniProtKB:P0ABG4	ftsW
NaturalProductMech	WikiPathways:WP5060	Peptidoglycan cytoplasmic synthesis and recycling pathways	P0ACC7	UniProtKB:P0ACC7	glmU
NaturalProductMech	WikiPathways:WP5060	Peptidoglycan cytoplasmic synthesis and recycling pathways	P0AD68	UniProtKB:P0AD68	Penicillin-binding protein 3 (Peptidoglycan D,D-transpeptidase FtsI)
NaturalProductMech	WikiPathways:WP5060	Peptidoglycan cytoplasmic synthesis and recycling pathways	P0AE16	UniProtKB:P0AE16	ampG
NaturalProductMech	WikiPathways:WP5060	Peptidoglycan cytoplasmic synthesis and recycling pathways	P0AF16	UniProtKB:P0AF16	murJ
NaturalProductMech	WikiPathways:WP5060	Peptidoglycan cytoplasmic synthesis and recycling pathways	P0AF18	UniProtKB:P0AF18	nagA
NaturalProductMech	WikiPathways:WP5060	Peptidoglycan cytoplasmic synthesis and recycling pathways	P11880	UniProtKB:P11880	murF
NaturalProductMech	WikiPathways:WP5060	Peptidoglycan cytoplasmic synthesis and recycling pathways	P13016	UniProtKB:P13016	1,6-anhydro-N-acetylmuramyl-L-alanine amidase (AmpD)
NaturalProductMech	WikiPathways:WP5060	Peptidoglycan cytoplasmic synthesis and recycling pathways	P14900	UniProtKB:P14900	murD
NaturalProductMech	WikiPathways:WP5060	Peptidoglycan cytoplasmic synthesis and recycling pathways	P17169	UniProtKB:P17169	glmS
NaturalProductMech	WikiPathways:WP5060	Peptidoglycan cytoplasmic synthesis and recycling pathways	P17443	UniProtKB:P17443	murG
NaturalProductMech	WikiPathways:WP5060	Peptidoglycan cytoplasmic synthesis and recycling pathways	P17952	UniProtKB:P17952	murC
NaturalProductMech	WikiPathways:WP5060	Peptidoglycan cytoplasmic synthesis and recycling pathways	P22188	UniProtKB:P22188	murE
NaturalProductMech	WikiPathways:WP5060	Peptidoglycan cytoplasmic synthesis and recycling pathways	P22634	UniProtKB:P22634	murI
NaturalProductMech	WikiPathways:WP5060	Peptidoglycan cytoplasmic synthesis and recycling pathways	P29012	UniProtKB:P29012	dadX
NaturalProductMech	WikiPathways:WP5060	Peptidoglycan cytoplasmic synthesis and recycling pathways	P31120	UniProtKB:P31120	glmM
NaturalProductMech	WikiPathways:WP5060	Peptidoglycan cytoplasmic synthesis and recycling pathways	P37773	UniProtKB:P37773	mpl
NaturalProductMech	WikiPathways:WP5060	Peptidoglycan cytoplasmic synthesis and recycling pathways	P46022	UniProtKB:P46022	mtgA
NaturalProductMech	WikiPathways:WP5060	Peptidoglycan cytoplasmic synthesis and recycling pathways	P60932	UniProtKB:P60932	Undecaprenyl-diphosphatase
NaturalProductMech	WikiPathways:WP5060	Peptidoglycan cytoplasmic synthesis and recycling pathways	P75949	UniProtKB:P75949	nagZ
NaturalProductMech	WikiPathways:WP5060	Peptidoglycan cytoplasmic synthesis and recycling pathways	P75959	UniProtKB:P75959	nagK
NaturalProductMech	WikiPathways:WP5060	Peptidoglycan cytoplasmic synthesis and recycling pathways	P76008	UniProtKB:P76008	Murein tetrapeptide carboxypeptidase (LdcA)
NaturalProductMech	WikiPathways:WP5060	Peptidoglycan cytoplasmic synthesis and recycling pathways	P76535	UniProtKB:P76535	murQ
NaturalProductMech	WikiPathways:WP5060	Peptidoglycan cytoplasmic synthesis and recycling pathways	P76577	UniProtKB:P76577	Penicillin-binding protein 1C
NaturalProductMech	WikiPathways:WP5060	Peptidoglycan cytoplasmic synthesis and recycling pathways	P77272	UniProtKB:P77272	murP
NaturalProductMech	WikiPathways:WP5060	Peptidoglycan cytoplasmic synthesis and recycling pathways	P77570	UniProtKB:P77570	anmK
NaturalProductMech	WikiPathways:WP5060	Peptidoglycan cytoplasmic synthesis and recycling pathways	Q2TL65	UniProtKB:Q2TL65	Penicillin-binding protein 2 (Peptidoglycan D,D-transpeptidase MrdA)
ProteinTraitsMech	Reactome:R-MTU-868688	Mycobacterium tuberculosis trehalose biosynthesis	P9WFZ5	UniProtKB:P9WFZ5	trehalose-phosphatase OtsB2
ProteinTraitsMech	Reactome:R-MTU-868688	Mycobacterium tuberculosis trehalose biosynthesis	P9WN11	UniProtKB:P9WN11	alpha,alpha-trehalose-phosphate synthase OtsA
ProteinTraitsMech	Reactome:R-MTU-879299	Mycothiol biosynthesis	P95189	UniProtKB:P95189	inositol monophosphatase ImpC
ProteinTraitsMech	Reactome:R-MTU-879299	Mycothiol biosynthesis	P9WJM9	UniProtKB:P9WJM9	mycothiol biosynthesis ligase MshC
ProteinTraitsMech	Reactome:R-MTU-879299	Mycothiol biosynthesis	P9WKI1	UniProtKB:P9WKI1	inositol-3-phosphate synthase Ino1
ProteinTraitsMech	WikiPathways:WP171	NAD salvage pathway V	P53204	SGD:S000003242	NMA2
ProteinTraitsMech	WikiPathways:WP296	TCA cycle - detailed	P17505	SGD:S000001568	mitochondrial malate dehydrogenase
ProteinTraitsMech	WikiPathways:WP296	TCA cycle - detailed	P53312	SGD:S000003476	succinyl-CoA ligase 2
ProteinTraitsMech	WikiPathways:WP478	Glycogen catabolism	P06738	SGD:S000006364	GPH1
ProteinTraitsMech	WikiPathways:WP5060	Peptidoglycan cytoplasmic synthesis and recycling pathways	Q2TL65	UniProtKB:Q2TL65	Penicillin-binding protein 2 (Peptidoglycan D,D-transpeptidase MrdA)
ProteinTraitsMech	gomodel:YeastPathways_DETOX1-PWY	superoxide radicals degradation	P00447	SGD:S000001050	SOD2 Scer
ProteinTraitsMech	gomodel:YeastPathways_GLUCONEO-PWY-1	gluconeogenesis I	P00925	SGD:S000001217	ENO2 Scer
ProteinTraitsMech	gomodel:YeastPathways_GLYCOLYSIS	glycolysis I (from glucose 6-phosphate)	P00925	SGD:S000001217	ENO2 Scer
ProteinTraitsMech	gomodel:YeastPathways_IPPSYN-PWY	mevalonate pathway	P41338	SGD:S000005949	ERG10 Scer
ProteinTraitsMech	gomodel:YeastPathways_PROUT-PWY	L-proline degradation	P09368	SGD:S000004132	PUT1 Scer
ProteinTraitsMech	gomodel:YeastPathways_PWY-5041	S-adenosyl-L-methionine cycle II	P19358	SGD:S000002910	SAM2 Scer
ProteinTraitsMech	gomodel:YeastPathways_PWY-5653	NAD biosynthesis from 2-amino-3-carboxymuconate semialdehyde	P53204	SGD:S000003242	NMA2 Scer
ProteinTraitsMech	gomodel:YeastPathways_PWY-5670-1	epoxysqualene biosynthesis	P32476	SGD:S000003407	ERG1 Scer
ProteinTraitsMech	gomodel:YeastPathways_PWY-7176	UTP and CTP de novo biosynthesis	P36010	SGD:S000001550	YNK1 Scer
ProteinTraitsMech	gomodel:YeastPathways_PWY-7221	guanosine ribonucleotides de novo biosynthesis	P36010	SGD:S000001550	YNK1 Scer
ProteinTraitsMech	gomodel:YeastPathways_PWY-7221	guanosine ribonucleotides de novo biosynthesis	P50094	SGD:S000004520	IMD4 Scer
ProteinTraitsMech	gomodel:YeastPathways_PWY-7221	guanosine ribonucleotides de novo biosynthesis	P50095	SGD:S000004424	IMD3 Scer
ProteinTraitsMech	gomodel:YeastPathways_PWY-901	methylglyoxal catabolism	Q05584	SGD:S000002680	GLO2 Scer
ProteinTraitsMech	gomodel:YeastPathways_PWY-901	methylglyoxal catabolism	Q12320	SGD:S000005566	GLO4 Scer
ProteinTraitsMech	gomodel:YeastPathways_PWY3O-1565	dolichyl glucosyl phosphate biosynthesis	P38709	SGD:S000001004	YHL012W Scer
ProteinTraitsMech	gomodel:YeastPathways_PWY3O-4106	NAD salvage pathway IV (from nicotinamide riboside)	P53204	SGD:S000003242	NMA2 Scer
ProteinTraitsMech	gomodel:YeastPathways_PWY3O-697	folate interconversions	P37291	SGD:S000004048	SHM2 Scer
ProteinTraitsMech	gomodel:YeastPathways_PWY3O-697	folate interconversions	P37292	SGD:S000000467	SHM1 Scer
ProteinTraitsMech	gomodel:YeastPathways_SPHINGOLIPID-SYN-PWY-1	sphingolipid biosynthesis (yeast)	Q02896	SGD:S000006008	YDC1 Scer
ProteinTraitsMech	gomodel:YeastPathways_YEAST-FAO-PWY	fatty acid oxidation pathway	P13711	SGD:S000003173	POX1 Scer
ProteinTraitsMech	gomodel:YeastPathways_YEAST-RNT-SALV	salvage pathways of pyrimidine ribonucleotides	P36010	SGD:S000001550	YNK1 Scer
