ptm_trait_id	ptm_trait_label	ptm_file	shared_metacyc_xrefs	pathwaymech_record	pathwaymech_label	pathwaymech_taxa	ptm_examples	ptm_microbial_example_taxa	pathwaymech_proteins_already_examples	pathwaymech_proteins_not_examples	n_pathwaymech_proteins_not_examples
GO:0050428	3'-phosphoadenosine 5'-phosphosulfate biosynthetic process	data/traits/function/pathway/go/3-phosphoadenosine-5-phosphosulfate-biosynthetic-process-go0050428.yaml	MetaCyc:PWY-5340	gomodel:YeastPathways_PWY-5340	sulfate activation (for sulfonation)	Saccharomyces cerevisiae S288C	5			P08536;Q02196	2
GO:0008153	4-aminobenzoate biosynthetic process	data/traits/function/pathway/go/4-aminobenzoate-biosynthetic-process-go0008153.yaml	MetaCyc:PWY-6543	MetaCyc:PWY-6543	4-aminobenzoate biosynthesis I	Escherichia coli	6	Escherichia coli (strain K12);Saccharomyces cerevisiae (strain ATCC 204508 / S288c)			0
GO:0019483	beta-alanine biosynthetic process	data/traits/function/pathway/go/beta-alanine-biosynthetic-process-go0019483.yaml	MetaCyc:PWY-5760	gomodel:YeastPathways_PWY-5760-1	beta-alanine biosynthesis IV	Saccharomyces cerevisiae S288C	7	Saccharomyces cerevisiae (strain ATCC 204508 / S288c)	P47771;P54114	P50264	1
GO:0006657	CDP-choline pathway	data/traits/function/pathway/go/cdp-choline-pathway-go0006657.yaml	MetaCyc:PWY3O-450	gomodel:YeastPathways_PWY3O-450	phosphatidylcholine biosynthesis I	Saccharomyces cerevisiae S288C	8	Saccharomyces cerevisiae (strain ATCC 204508 / S288c)	P13259	P17898;P20485	2
GO:0009423	chorismate biosynthetic process	data/traits/function/pathway/go/chorismate-biosynthetic-process-go0009423.yaml	MetaCyc:ARO-PWY	MetaCyc:ARO-PWY	chorismate biosynthesis I	Escherichia coli	8	Bacillus subtilis (strain 168);Methanocaldococcus jannaschii (strain ATCC 43067 / DSM 2661 / JAL-1 / JCM 10045 / NBRC 100440)			0
GO:0015937	coenzyme A biosynthetic process	data/traits/function/pathway/go/coenzyme-a-biosynthetic-process-go0015937.yaml	MetaCyc:COA-PWY	MetaCyc:COA-PWY	coenzyme A biosynthesis I (prokaryotic)	Escherichia coli	8	Bacillus subtilis (strain 168);Escherichia coli (strain K12);Methanocaldococcus jannaschii (strain ATCC 43067 / DSM 2661 / JAL-1 / JCM 10045 / NBRC 100440);Saccharomyces cerevisiae (strain ATCC 204508 / S288c)			0
GO:0019571	D-arabinose catabolic process	data/traits/function/pathway/go/d-arabinose-catabolic-process-go0019571.yaml	MetaCyc:DARABCAT-PWY	MetaCyc:DARABCAT-PWY	D-arabinose degradation I	Escherichia coli B	3	Escherichia coli (strain K12)			0
GO:0019698	D-galacturonate catabolic process	data/traits/function/pathway/go/d-galacturonate-catabolic-process-go0019698.yaml	MetaCyc:GALACTUROCAT-PWY	MetaCyc:GALACTUROCAT-PWY	D-galacturonate degradation I	Escherichia coli str. K-12 substr. MG1655	8	Bacillus subtilis (strain 168);Escherichia coli (strain K12)			0
GO:0042838	D-glucarate catabolic process	data/traits/function/pathway/go/d-glucarate-catabolic-process-go0042838.yaml	MetaCyc:GLUCARDEG-PWY	MetaCyc:GLUCARDEG-PWY	D-glucarate degradation I	Bacteria	7	Bacillus subtilis (strain 168);Escherichia coli (strain K12)			0
GO:0042843	D-xylose catabolic process	data/traits/function/pathway/go/d-xylose-catabolic-process-go0042843.yaml	MetaCyc:XYLCAT-PWY	MetaCyc:XYLCAT-PWY	D-xylose degradation I	Escherichia coli	8	Escherichia coli (strain K12);Saccharomyces cerevisiae (strain ATCC 204508 / S288c)			0
GO:0071266	'de novo' L-methionine biosynthetic process	data/traits/function/pathway/go/de-novo-l-methionine-biosynthetic-process-go0071266.yaml	MetaCyc:HOMOSER-METSYN-PWY	MetaCyc:HOMOSER-METSYN-PWY	L-methionine biosynthesis I	Escherichia coli	8	Bacillus subtilis (strain 168);Escherichia coli (strain K12);Methanocaldococcus jannaschii (strain ATCC 43067 / DSM 2661 / JAL-1 / JCM 10045 / NBRC 100440);Saccharomyces cerevisiae (strain ATCC 204508 / S288c)		P06721	1
GO:0034628	'de novo' NAD+ biosynthetic process from L-aspartate	data/traits/function/pathway/go/de-novo-nad-biosynthetic-process-from-l-aspartate-go0034628.yaml	MetaCyc:PYRIDNUCSYN-PWY	MetaCyc:PYRIDNUCSYN-PWY	NAD de novo biosynthesis I (from aspartate)	Bacteria	8	Bacillus subtilis (strain 168);Escherichia coli (strain K12);Methanocaldococcus jannaschii (strain ATCC 43067 / DSM 2661 / JAL-1 / JCM 10045 / NBRC 100440)			0
GO:0034354	'de novo' NAD+ biosynthetic process from L-tryptophan	data/traits/function/pathway/go/de-novo-nad-biosynthetic-process-from-l-tryptophan-go0034354.yaml	MetaCyc:PWY-5653	gomodel:YeastPathways_PWY-5653	NAD biosynthesis from 2-amino-3-carboxymuconate semialdehyde	Saccharomyces cerevisiae S288C	8	Saccharomyces cerevisiae (strain ATCC 204508 / S288c)		P38795;P43619;P53204;Q06178	4
GO:0036001	'de novo' pyridoxal 5'-phosphate biosynthetic process	data/traits/function/pathway/go/de-novo-pyridoxal-5-phosphate-biosynthetic-process-go0036001.yaml	MetaCyc:PYRIDOXSYN-PWY	MetaCyc:PYRIDOXSYN-PWY	pyridoxal 5'-phosphate biosynthesis I	Escherichia coli	3	Escherichia coli (strain K12);Saccharomyces cerevisiae (strain ATCC 204508 / S288c)			0
GO:0019491	ectoine biosynthetic process	data/traits/function/pathway/go/ectoine-biosynthetic-process-go0019491.yaml	MetaCyc:P101-PWY	MetaCyc:P101-PWY	ectoine biosynthesis	Halomonas elongata	0				0
GO:0006094	gluconeogenesis	data/traits/function/pathway/go/gluconeogenesis-go0006094.yaml	MetaCyc:GLUCONEO-PWY	gomodel:YeastPathways_GLUCONEO-PWY-1	gluconeogenesis I	Saccharomyces cerevisiae S288C	8			P00358;P00359;P00360;P00560;P00924;P00925;P00950;P09201;P10963;P11154;P12709;P14540;P22133;P32327;P36013	15
GO:0006750	glutathione biosynthetic process	data/traits/function/pathway/go/glutathione-biosynthetic-process-go0006750.yaml	MetaCyc:GLUTATHIONESYN-PWY	MetaCyc:GLUTATHIONESYN-PWY	glutathione biosynthesis	Escherichia coli	8				0
GO:0019563	glycerol catabolic process	data/traits/function/pathway/go/glycerol-catabolic-process-go0019563.yaml	MetaCyc:GLYCEROLMETAB-PWY	MetaCyc:GLYCEROLMETAB-PWY	glycerol degradation V	Escherichia coli str. K-12 substr. MG1655	8	Escherichia coli (strain K12);Methanocaldococcus jannaschii (strain ATCC 43067 / DSM 2661 / JAL-1 / JCM 10045 / NBRC 100440)			0
GO:0019464	glycine decarboxylation via glycine cleavage system	data/traits/function/pathway/go/glycine-decarboxylation-via-glycine-cleavage-system-go0019464.yaml	MetaCyc:GLYCLEAV-PWY	gomodel:YeastPathways_GLYCLEAV-PWY	glycine cleavage	Saccharomyces cerevisiae S288C	8	Bacillus subtilis (strain 168);Escherichia coli (strain K12)		P09624;P48015;P49095	3
GO:0006097	glyoxylate cycle	data/traits/function/pathway/go/glyoxylate-cycle-go0006097.yaml	MetaCyc:GLYOXYLATE-BYPASS	MetaCyc:GLYOXYLATE-BYPASS	glyoxylate cycle	Mycobacterium tuberculosis	8	Escherichia coli (strain K12)			0
GO:0015969	guanosine tetraphosphate metabolic process	data/traits/function/pathway/go/guanosine-tetraphosphate-metabolic-process-go0015969.yaml	MetaCyc:PPGPPMET-PWY	MetaCyc:PPGPPMET-PWY	ppGpp metabolism	Bacteria	8	Escherichia coli (strain K12)			0
GO:0006785	heme B biosynthetic process	data/traits/function/pathway/go/heme-b-biosynthetic-process-go0006785.yaml	MetaCyc:HEME-BIOSYNTHESIS-II	gomodel:YeastPathways_HEME-BIOSYNTHESIS-II	heme b biosynthesis I (aerobic)	Saccharomyces cerevisiae S288C	8	Bacillus subtilis (strain 168);Escherichia coli (strain K12)		P11353;P16622;P32347;P40012	4
GO:0019572	L-arabinose catabolic process	data/traits/function/pathway/go/l-arabinose-catabolic-process-go0019572.yaml	MetaCyc:ARABCAT-PWY	MetaCyc:ARABCAT-PWY	L-arabinose degradation I	Escherichia coli	2	Escherichia coli (strain K12)			0
GO:0006526	L-arginine biosynthetic process	data/traits/function/pathway/go/l-arginine-biosynthetic-process-go0006526.yaml	MetaCyc:ARGSYN-PWY	MetaCyc:ARGSYN-PWY	L-arginine biosynthesis I (via L-ornithine)	Escherichia coli	8	Bacillus subtilis (strain 168);Escherichia coli (strain K12);Methanocaldococcus jannaschii (strain ATCC 43067 / DSM 2661 / JAL-1 / JCM 10045 / NBRC 100440)			0
GO:0006526	L-arginine biosynthetic process	data/traits/function/pathway/go/l-arginine-biosynthetic-process-go0006526.yaml	MetaCyc:ARGSYNBSUB-PWY	gomodel:YeastPathways_ARGSYNBSUB-PWY	L-arginine biosynthesis II (acetyl cycle)	Saccharomyces cerevisiae S288C	8	Bacillus subtilis (strain 168);Escherichia coli (strain K12);Methanocaldococcus jannaschii (strain ATCC 43067 / DSM 2661 / JAL-1 / JCM 10045 / NBRC 100440)		P04076;P05150;P18544;P22768;P40360;Q01217;Q04728	7
GO:0006527	L-arginine catabolic process	data/traits/function/pathway/go/l-arginine-catabolic-process-go0006527.yaml	MetaCyc:ARGDEG-III-PWY	MetaCyc:ARGDEG-III-PWY	L-arginine degradation IV (arginine decarboxylase/agmatine deiminase pathway)	Pseudomonas aeruginosa	8				0
GO:0006527	L-arginine catabolic process	data/traits/function/pathway/go/l-arginine-catabolic-process-go0006527.yaml	MetaCyc:ARGDEGRAD-PWY	MetaCyc:ARGDEGRAD-PWY	L-arginine degradation V (arginine deiminase pathway)	Halobacterium salinarum	8				0
GO:0006527	L-arginine catabolic process	data/traits/function/pathway/go/l-arginine-catabolic-process-go0006527.yaml	MetaCyc:AST-PWY	MetaCyc:AST-PWY	L-arginine degradation II (AST pathway)	Pseudomonas aeruginosa	8				0
GO:0070981	L-asparagine biosynthetic process	data/traits/function/pathway/go/l-asparagine-biosynthetic-process-go0070981.yaml	MetaCyc:ASPARAGINE-BIOSYNTHESIS	gomodel:YeastPathways_ASPARAGINE-BIOSYNTHESIS-1	L-asparagine biosynthesis I	Saccharomyces cerevisiae S288C	8	Bacillus subtilis (strain 168);Escherichia coli (strain K12);Methanocaldococcus jannaschii (strain ATCC 43067 / DSM 2661 / JAL-1 / JCM 10045 / NBRC 100440)		P23542;P49089;P49090;Q01802	4
GO:0019344	L-cysteine biosynthetic process	data/traits/function/pathway/go/l-cysteine-biosynthetic-process-go0019344.yaml	MetaCyc:CYSTSYN-PWY	MetaCyc:CYSTSYN-PWY	L-cysteine biosynthesis I	Escherichia coli	8	Bacillus subtilis (strain 168);Saccharomyces cerevisiae (strain ATCC 204508 / S288c)			0
GO:0019344	L-cysteine biosynthetic process	data/traits/function/pathway/go/l-cysteine-biosynthetic-process-go0019344.yaml	MetaCyc:HOMOCYSDEGR-PWY	gomodel:YeastPathways_HOMOCYSDEGR-PWY-1	L-cysteine biosynthesis III (from L-homocysteine)	Saccharomyces cerevisiae S288C	8	Bacillus subtilis (strain 168);Saccharomyces cerevisiae (strain ATCC 204508 / S288c)		P31373;P32582	2
GO:0042355	L-fucose catabolic process	data/traits/function/pathway/go/l-fucose-catabolic-process-go0042355.yaml	MetaCyc:FUCCAT-PWY	MetaCyc:FUCCAT-PWY	L-fucose degradation I	Escherichia coli str. K-12 substr. MG1655	8	Escherichia coli (strain K12)			0
GO:0000105	L-histidine biosynthetic process	data/traits/function/pathway/go/l-histidine-biosynthetic-process-go0000105.yaml	MetaCyc:HISTSYN-PWY	MetaCyc:HISTSYN-PWY	L-histidine biosynthesis	Escherichia coli	8	Bacillus subtilis (strain 168);Escherichia coli (strain K12);Methanocaldococcus jannaschii (strain ATCC 43067 / DSM 2661 / JAL-1 / JCM 10045 / NBRC 100440)			0
GO:0071269	L-homocysteine biosynthetic process	data/traits/function/pathway/go/l-homocysteine-biosynthetic-process-go0071269.yaml	MetaCyc:PWY-5344	gomodel:YeastPathways_PWY-5344	L-homocysteine biosynthesis	Saccharomyces cerevisiae S288C	3	Escherichia coli (strain K12);Saccharomyces cerevisiae (strain ATCC 204508 / S288c)	P06106	P08465	1
GO:0009090	L-homoserine biosynthetic process	data/traits/function/pathway/go/l-homoserine-biosynthetic-process-go0009090.yaml	MetaCyc:HOMOSERSYN-PWY	MetaCyc:HOMOSERSYN-PWY	L-homoserine biosynthesis	Escherichia coli	8	Bacillus subtilis (strain 168);Escherichia coli (strain K12)			0
GO:1901705	L-isoleucine biosynthetic process	data/traits/function/pathway/go/l-isoleucine-biosynthetic-process-go1901705.yaml	MetaCyc:ILEUSYN-PWY	MetaCyc:ILEUSYN-PWY	L-isoleucine biosynthesis I (from threonine)	Escherichia coli	0				0
GO:0009098	L-leucine biosynthetic process	data/traits/function/pathway/go/l-leucine-biosynthetic-process-go0009098.yaml	MetaCyc:LEUSYN-PWY	MetaCyc:LEUSYN-PWY	L-leucine biosynthesis	Escherichia coli	8	Escherichia coli (strain K12);Methanocaldococcus jannaschii (strain ATCC 43067 / DSM 2661 / JAL-1 / JCM 10045 / NBRC 100440)			0
GO:0009085	L-lysine biosynthetic process	data/traits/function/pathway/go/l-lysine-biosynthetic-process-go0009085.yaml	MetaCyc:DAPLYSINESYN-PWY	MetaCyc:DAPLYSINESYN-PWY	L-lysine biosynthesis I	Escherichia coli	4	Escherichia coli (strain K12);Saccharomyces cerevisiae (strain ATCC 204508 / S288c)			0
GO:0009085	L-lysine biosynthetic process	data/traits/function/pathway/go/l-lysine-biosynthetic-process-go0009085.yaml	MetaCyc:LYSINE-AMINOAD-PWY	gomodel:YeastPathways_LYSINE-AMINOAD-PWY-2	L-lysine biosynthesis IV	Saccharomyces cerevisiae S288C	4	Escherichia coli (strain K12);Saccharomyces cerevisiae (strain ATCC 204508 / S288c)	P38998;P40495	P07702;P38999;P48570;P49367;P53090;Q12122	6
GO:0033353	L-methionine cycle	data/traits/function/pathway/go/l-methionine-cycle-go0033353.yaml	MetaCyc:PWY-5041	gomodel:YeastPathways_PWY-5041	S-adenosyl-L-methionine cycle II	Saccharomyces cerevisiae S288C	8	Escherichia coli (strain K12);Methanocaldococcus jannaschii (strain ATCC 43067 / DSM 2661 / JAL-1 / JCM 10045 / NBRC 100440);Saccharomyces cerevisiae (strain ATCC 204508 / S288c)		P05694;P10659;P19358;P39954	4
GO:0006592	L-ornithine biosynthetic process	data/traits/function/pathway/go/l-ornithine-biosynthetic-process-go0006592.yaml	MetaCyc:GLUTORN-PWY	MetaCyc:GLUTORN-PWY	L-ornithine biosynthesis I	Escherichia coli	8	Bacillus subtilis (strain 168);Methanocaldococcus jannaschii (strain ATCC 43067 / DSM 2661 / JAL-1 / JCM 10045 / NBRC 100440);Saccharomyces cerevisiae (strain ATCC 204508 / S288c)			0
GO:0009094	L-phenylalanine biosynthetic process	data/traits/function/pathway/go/l-phenylalanine-biosynthetic-process-go0009094.yaml	MetaCyc:PHESYN	MetaCyc:PHESYN	L-phenylalanine biosynthesis I	Escherichia coli	8	Escherichia coli (strain K12);Saccharomyces cerevisiae (strain ATCC 204508 / S288c)			0
GO:0055129	L-proline biosynthetic process	data/traits/function/pathway/go/l-proline-biosynthetic-process-go0055129.yaml	MetaCyc:PROSYN-PWY	MetaCyc:PROSYN-PWY	L-proline biosynthesis I (from L-glutamate)	Escherichia coli	8	Bacillus subtilis (strain 168);Escherichia coli (strain K12)			0
GO:0006562	L-proline catabolic process	data/traits/function/pathway/go/l-proline-catabolic-process-go0006562.yaml	MetaCyc:PROUT-PWY	gomodel:YeastPathways_PROUT-PWY	L-proline degradation	Saccharomyces cerevisiae S288C	8	Bacillus subtilis (strain 168)		P07275;P09368	2
GO:0006564	L-serine biosynthetic process	data/traits/function/pathway/go/l-serine-biosynthetic-process-go0006564.yaml	MetaCyc:SERSYN-PWY	MetaCyc:SERSYN-PWY	L-serine biosynthesis I	Escherichia coli	8	Escherichia coli (strain K12);Saccharomyces cerevisiae (strain ATCC 204508 / S288c)			0
GO:0009088	L-threonine biosynthetic process	data/traits/function/pathway/go/l-threonine-biosynthetic-process-go0009088.yaml	MetaCyc:HOMOSER-THRESYN-PWY	MetaCyc:HOMOSER-THRESYN-PWY	L-threonine biosynthesis	Escherichia coli	8	Bacillus subtilis (strain 168);Escherichia coli (strain K12);Methanocaldococcus jannaschii (strain ATCC 43067 / DSM 2661 / JAL-1 / JCM 10045 / NBRC 100440)			0
GO:0000162	L-tryptophan biosynthetic process	data/traits/function/pathway/go/l-tryptophan-biosynthetic-process-go0000162.yaml	MetaCyc:TRPSYN-PWY	MetaCyc:TRPSYN-PWY	L-tryptophan biosynthesis	Escherichia coli	8	Bacillus subtilis (strain 168);Escherichia coli (strain K12)			0
GO:0006569	L-tryptophan catabolic process	data/traits/function/pathway/go/l-tryptophan-catabolic-process-go0006569.yaml	MetaCyc:PWY-5651	gomodel:YeastPathways_PWY-5651	L-tryptophan degradation to 2-amino-3-carboxymuconate semialdehyde	Saccharomyces cerevisiae S288C	8	Escherichia coli (strain K12);Saccharomyces cerevisiae (strain ATCC 204508 / S288c)	P38169	P47039;P47096;P47125;Q04066;Q05979	5
GO:0006571	L-tyrosine biosynthetic process	data/traits/function/pathway/go/l-tyrosine-biosynthetic-process-go0006571.yaml	MetaCyc:TYRSYN	MetaCyc:TYRSYN	L-tyrosine biosynthesis I	Escherichia coli	8	Escherichia coli (strain K12);Saccharomyces cerevisiae (strain ATCC 204508 / S288c)			0
GO:0006572	L-tyrosine catabolic process	data/traits/function/pathway/go/l-tyrosine-catabolic-process-go0006572.yaml	MetaCyc:PWY3O-4108	gomodel:YeastPathways_PWY3O-4108	L-tyrosine degradation III	Saccharomyces cerevisiae S288C	8	Saccharomyces cerevisiae (strain ATCC 204508 / S288c)		P00330;P00331;P06169;P07246;P10127;P16467;P26263;P38113;P38840;P53090	10
GO:0009099	L-valine biosynthetic process	data/traits/function/pathway/go/l-valine-biosynthetic-process-go0009099.yaml	MetaCyc:VALSYN-PWY	MetaCyc:VALSYN-PWY	L-valine biosynthesis	Escherichia coli	8	Bacillus subtilis (strain 168);Methanocaldococcus jannaschii (strain ATCC 43067 / DSM 2661 / JAL-1 / JCM 10045 / NBRC 100440)			0
GO:0061611	mannose to fructose-6-phosphate catabolic process	data/traits/function/pathway/go/mannose-to-fructose-6-phosphate-catabolic-process-go0061611.yaml	MetaCyc:PWY3O-1743	gomodel:YeastPathways_PWY3O-1743	mannose degradation	Saccharomyces cerevisiae S288C	2			P04806;P04807;P17709;P29952	4
GO:0006046	N-acetylglucosamine catabolic process	data/traits/function/pathway/go/n-acetylglucosamine-catabolic-process-go0006046.yaml	MetaCyc:GLUAMCAT-PWY	MetaCyc:GLUAMCAT-PWY	N-acetylglucosamine degradation I	Escherichia coli	8	Bacillus subtilis (strain 168);Escherichia coli (strain K12)			0
GO:0034355	NAD+ biosynthetic process via the salvage pathway	data/traits/function/pathway/go/nad-biosynthetic-process-via-the-salvage-pathway-go0034355.yaml	MetaCyc:PYRIDNUCSAL-PWY	MetaCyc:PYRIDNUCSAL-PWY	NAD salvage pathway I (PNC VI cycle)	Bacteria	8	Escherichia coli (strain K12);Saccharomyces cerevisiae (strain ATCC 204508 / S288c)			0
GO:0034355	NAD+ biosynthetic process via the salvage pathway	data/traits/function/pathway/go/nad-biosynthetic-process-via-the-salvage-pathway-go0034355.yaml	MetaCyc:PWY3O-4106	gomodel:YeastPathways_PWY3O-4106	NAD salvage pathway IV (from nicotinamide riboside)	Saccharomyces cerevisiae S288C	8	Escherichia coli (strain K12);Saccharomyces cerevisiae (strain ATCC 204508 / S288c)		P53204;P53915;Q06178	3
GO:0015940	pantothenate biosynthetic process	data/traits/function/pathway/go/pantothenate-biosynthetic-process-go0015940.yaml	MetaCyc:PANTO-PWY	MetaCyc:PANTO-PWY	phosphopantothenate biosynthesis I	Escherichia coli	8	Bacillus subtilis (strain 168);Escherichia coli (strain K12);Saccharomyces cerevisiae (strain ATCC 204508 / S288c)			0
GO:0009052	pentose-phosphate shunt, non-oxidative branch	data/traits/function/pathway/go/pentose-phosphate-shunt-non-oxidative-branch-go0009052.yaml	MetaCyc:NONOXIPENT-PWY	MetaCyc:NONOXIPENT-PWY	pentose phosphate pathway (non-oxidative branch) I	Escherichia coli	8	Bacillus subtilis (strain 168);Escherichia coli (strain K12);Methanocaldococcus jannaschii (strain ATCC 43067 / DSM 2661 / JAL-1 / JCM 10045 / NBRC 100440)			0
GO:0009051	pentose-phosphate shunt, oxidative branch	data/traits/function/pathway/go/pentose-phosphate-shunt-oxidative-branch-go0009051.yaml	MetaCyc:OXIDATIVEPENT-PWY	MetaCyc:OXIDATIVEPENT-PWY	pentose phosphate pathway (oxidative branch) I	Escherichia coli	8	Escherichia coli (strain K12)			0
GO:0008654	phospholipid biosynthetic process	data/traits/function/pathway/go/phospholipid-biosynthetic-process-go0008654.yaml	MetaCyc:PHOSLIPSYN2-PWY	gomodel:YeastPathways_PHOSLIPSYN2-PWY-1	phospholipid biosynthesis	Saccharomyces cerevisiae S288C	8	Saccharomyces cerevisiae (strain ATCC 204508 / S288c)		P05374;P05375;P08456;P25578;P38812;P39006;P53037;Q07560	8
GO:0009443	pyridoxal 5'-phosphate salvage	data/traits/function/pathway/go/pyridoxal-5-phosphate-salvage-go0009443.yaml	MetaCyc:PLPSAL-PWY	MetaCyc:PLPSAL-PWY	pyridoxal 5'-phosphate salvage I	Escherichia coli	8	Escherichia coli (strain K12);Saccharomyces cerevisiae (strain ATCC 204508 / S288c)			0
GO:0006086	pyruvate decarboxylation to acetyl-CoA	data/traits/function/pathway/go/pyruvate-decarboxylation-to-acetyl-coa-go0006086.yaml	MetaCyc:PYRUVDEHYD-PWY	gomodel:YeastPathways_PYRUVDEHYD-PWY	pyruvate decarboxylation to acetyl CoA	Saccharomyces cerevisiae S288C	8	Saccharomyces cerevisiae (strain ATCC 204508 / S288c)	P09624	P12695;P16387;P32473	3
GO:0019430	removal of superoxide radicals	data/traits/function/pathway/go/removal-of-superoxide-radicals-go0019430.yaml	MetaCyc:DETOX1-PWY	gomodel:YeastPathways_DETOX1-PWY	superoxide radicals degradation	Saccharomyces cerevisiae S288C	8			P00445;P00447;P06115;P15202	4
GO:0019301	rhamnose catabolic process	data/traits/function/pathway/go/rhamnose-catabolic-process-go0019301.yaml	MetaCyc:RHAMCAT-PWY	MetaCyc:RHAMCAT-PWY	L-rhamnose degradation I	Bacteria	8	Bacillus subtilis (strain 168);Escherichia coli (strain K12)			0
GO:0019354	siroheme biosynthetic process	data/traits/function/pathway/go/siroheme-biosynthetic-process-go0019354.yaml	MetaCyc:PWY-5194	gomodel:YeastPathways_PWY-5194-1	siroheme biosynthesis	Saccharomyces cerevisiae S288C	8	Bacillus subtilis (strain 168);Escherichia coli (strain K12);Methanocaldococcus jannaschii (strain ATCC 43067 / DSM 2661 / JAL-1 / JCM 10045 / NBRC 100440)		P15807;P36150	2
GO:0008295	spermidine biosynthetic process	data/traits/function/pathway/go/spermidine-biosynthetic-process-go0008295.yaml	MetaCyc:BSUBPOLYAMSYN-PWY	gomodel:YeastPathways_BSUBPOLYAMSYN-PWY	spermidine biosynthesis I	Saccharomyces cerevisiae S288C	8	Bacillus subtilis (strain 168);Escherichia coli (strain K12)		P21182;Q12074	2
GO:0006597	spermine biosynthetic process	data/traits/function/pathway/go/spermine-biosynthetic-process-go0006597.yaml	MetaCyc:ARGSPECAT-PWY	gomodel:YeastPathways_ARGSPECAT-PWY	spermine biosynthesis	Saccharomyces cerevisiae S288C	8	Saccharomyces cerevisiae (strain ATCC 204508 / S288c)	P21182;Q12455		0
GO:0030148	sphingolipid biosynthetic process	data/traits/function/pathway/go/sphingolipid-biosynthetic-process-go0030148.yaml	MetaCyc:SPHINGOLIPID-SYN-PWY	gomodel:YeastPathways_SPHINGOLIPID-SYN-PWY-1	sphingolipid biosynthesis (yeast)	Saccharomyces cerevisiae S288C	8	Saccharomyces cerevisiae (strain ATCC 204508 / S288c)		P23501;P25045;P36107;P38298;P38342;P38954;P38992;P40970;P47013;Q02896;Q03529;Q05567;Q06147;Q12246	14
GO:0000103	sulfate assimilation	data/traits/function/pathway/go/sulfate-assimilation-go0000103.yaml	MetaCyc:SO4ASSIM-PWY	gomodel:YeastPathways_SO4ASSIM-PWY	assimilatory sulfate reduction I	Saccharomyces cerevisiae S288C	8	Bacillus subtilis (strain 168);Escherichia coli (strain K12);Methanocaldococcus jannaschii (strain ATCC 43067 / DSM 2661 / JAL-1 / JCM 10045 / NBRC 100440);Saccharomyces cerevisiae (strain ATCC 204508 / S288c)		P08536;P18408;Q02196	3
GO:0045337	trans, trans-farnesyl diphosphate biosynthetic process	data/traits/function/pathway/go/trans-trans-farnesyl-diphosphate-biosynthetic-process-go0045337.yaml	MetaCyc:PWY-5123	gomodel:YeastPathways_PWY-5123	trans, trans-farnesyl diphosphate biosynthesis	Saccharomyces cerevisiae S288C	8			P08524;P15496	2
GO:0061633	transport-coupled glycolytic process through glucose-6-phosphate	data/traits/function/pathway/go/transport-coupled-glycolytic-process-through-glucose-6-phosphate-go0061633.yaml	MetaCyc:GLYCOLYSIS	gomodel:YeastPathways_GLYCOLYSIS	glycolysis I (from glucose 6-phosphate)	Saccharomyces cerevisiae S288C	0			P00358;P00359;P00360;P00549;P00560;P00924;P00925;P00942;P00950;P09201;P12709;P14540;P52489	13
GO:0005992	trehalose biosynthetic process	data/traits/function/pathway/go/trehalose-biosynthetic-process-go0005992.yaml	MetaCyc:TRESYN-PWY	MetaCyc:TRESYN-PWY	trehalose biosynthesis I	Escherichia coli	8	Escherichia coli (strain K12);Saccharomyces cerevisiae (strain ATCC 204508 / S288c)			0
GO:0042761	very long-chain fatty acid biosynthetic process	data/traits/function/pathway/go/very-long-chain-fatty-acid-biosynthetic-process-go0042761.yaml	MetaCyc:PWY-5080	gomodel:YeastPathways_PWY-5080-1	very long chain fatty acid biosynthesis I	Saccharomyces cerevisiae S288C	8			P25358;P38286;P40319;P40857;Q99190	5
GO:0036197	zymosterol biosynthetic process	data/traits/function/pathway/go/zymosterol-biosynthetic-process-go0036197.yaml	MetaCyc:PWY-6074	gomodel:YeastPathways_PWY-6074-1	zymosterol biosynthesis	Saccharomyces cerevisiae S288C	8			P10614;P32462;P53045;P53199;Q12452	5
