CompoundID;Compound;Formula;InChI;InChIKey
43607;6-phospho-gluconate;C6H13O10P;InChI=1S/C6H13O10P/c7-2(1-16-17(13,14)15)3(8)4(9)5(10)6(11)12/h2-5,7-10H,1H2,(H,11,12)(H2,13,14,15)/t2-,3-,4+,5-/m1/s1;InChIKey=BIRSGZKFKXLSJQ-SQOUGZDYSA-N
10090;2-phospho-(R)-glycerate;C3H7O7P;InChI=1S/C3H7O7P/c4-1-2(3(5)6)10-11(7,8)9/h2,4H,1H2,(H,5,6)(H2,7,8,9)/t2-/m1/s1;InChIKey=GXIURPTVHJPJLF-UWTATZPHSA-N
8212;2-dehydro-3-deoxy-6-phospho-D-gluconate;C6H11O9P;InChI=1S/C6H11O9P/c7-3(1-4(8)6(10)11)5(9)2-15-16(12,13)14/h3,5,7,9H,1-2H2,(H,10,11)(H2,12,13,14)/t3-,5+/m0/s1;InChIKey=OVPRPPOVAXRCED-WVZVXSGGSA-N
2454;(R)-glycerate;C3H6O4;InChI=1S/C3H6O4/c4-1-2(5)3(6)7/h2,4-5H,1H2,(H,6,7)/t2-/m1/s1;InChIKey=RBNPOMFGQQGHHO-UWTATZPHSA-N
1172;2-dehydro-3-deoxy-D-gluconate;C6H10O6;InChI=1S/C6H10O6/c7-2-5(10)3(8)1-4(9)6(11)12/h3,5,7-8,10H,1-2H2,(H,11,12)/t3-,5+/m0/s1;InChIKey=WPAMZTWLKIDIOP-WVZVXSGGSA-N
1125;glyceraldehyde;C3H6O3;InChI=1S/C3H6O3/c4-1-3(6)2-5/h1,3,5-6H,2H2;InChIKey=MNQZXJOMYWMBOU-UHFFFAOYSA-N
698;D-gluconate;C6H12O7;InChI=1S/C6H12O7/c7-1-2(8)3(9)4(10)5(11)6(12)13/h2-5,7-11H,1H2,(H,12,13)/t2-,3-,4+,5-/m1/s1;InChIKey=RGHNJXZEOKUKBD-SQOUGZDYSA-N
467;D-glucono-1,5-lactone;C6H10O6;InChI=1S/C6H10O6/c7-1-2-3(8)4(9)5(10)6(11)12-2/h2-5,7-10H,1H2/t2-,3-,4+,5-/m1/s1;InChIKey=PHOQVHQSTUBQQK-SQOUGZDYSA-N
289;"oxidized ferredoxin";Fe2R4S6;"InChI=1S/4RS.2Fe.2S/c4*1-2;;;;/q4*-1;2*+5;;";n/a
265;"reduced ferredoxin";Fe2R4S6;"InChI=1S/4RS.2Fe.2S/c4*1-2;;;;/q4*-1;2*+4;;";n/a
194;3-phosphoglycerate;C3H7O7P;InChI=1S/C3H7O7P/c4-2(3(5)6)1-10-11(7,8)9/h2,4H,1H2,(H,5,6)(H2,7,8,9);InChIKey=OSJPPGNTCRNQQC-UHFFFAOYSA-N
147;"D-glyceraldehyde 3-phosphate";C3H7O6P;InChI=1S/C3H7O6P/c4-1-3(5)2-9-10(6,7)8/h1,3,5H,2H2,(H2,6,7,8)/t3-/m0/s1;InChIKey=LXJXRIRHZLFYRP-VKHMYHEASA-N
77;"reduced acceptor";H2R;InChI=1S/RH2/h1H2;n/a
66;acceptor;R;InChI=1S/R;n/a
35;D-glucose;C6H12O6;InChI=1S/C6H12O6/c7-1-2-3(8)4(9)5(10)6(11)12-2/h2-11H,1H2/t2-,3-,4+,5-,6?/m1/s1;InChIKey=WQZGKKKJIJFFOK-GASJEMHNSA-N
31;pyruvate;C3H4O3;InChI=1S/C3H4O3/c1-2(4)3(5)6/h1H3,(H,5,6);InChIKey=LCTONWCANYUPML-UHFFFAOYSA-N
13;ADP;C10H15N5O10P2;InChI=1S/C10H15N5O10P2/c11-8-5-9(13-2-12-8)15(3-14-5)10-7(17)6(16)4(24-10)1-23-27(21,22)25-26(18,19)20/h2-4,6-7,10,16-17H,1H2,(H,21,22)(H2,11,12,13)(H2,18,19,20)/t4-,6-,7-,10-/m1/s1;InChIKey=XTWYTFMLZFPYCI-KQYNXXCUSA-N
10;NADP+;C21H28N7O17P3;InChI=1S/C21H28N7O17P3/c22-17-12-19(25-7-24-17)28(8-26-12)21-16(44-46(33,34)35)14(30)11(43-21)6-41-48(38,39)45-47(36,37)40-5-10-13(29)15(31)20(42-10)27-3-1-2-9(4-27)18(23)32/h1-4,7-8,10-11,13-16,20-21,29-31H,5-6H2,(H7-,22,23,24,25,32,33,34,35,36,37,38,39)/p+1/t10-,11-,13-,14-,15-,16-,20-,21-/m1/s1;InChIKey=XJLXINKUBYWONI-NNYOXOHSSA-O
8;NADH;C21H29N7O14P2;InChI=1S/C21H29N7O14P2/c22-17-12-19(25-7-24-17)28(8-26-12)21-16(32)14(30)11(41-21)6-39-44(36,37)42-43(34,35)38-5-10-13(29)15(31)20(40-10)27-3-1-2-9(4-27)18(23)33/h1,3-4,7-8,10-11,13-16,20-21,29-32H,2,5-6H2,(H2,23,33)(H,34,35)(H,36,37)(H2,22,24,25)/t10-,11-,13-,14-,15-,16-,20-,21-/m1/s1;InChIKey=BOPGDPNILDQYTO-NNYOXOHSSA-N
7;NAD+;C21H27N7O14P2;InChI=1S/C21H27N7O14P2/c22-17-12-19(25-7-24-17)28(8-26-12)21-16(32)14(30)11(41-21)6-39-44(36,37)42-43(34,35)38-5-10-13(29)15(31)20(40-10)27-3-1-2-9(4-27)18(23)33/h1-4,7-8,10-11,13-16,20-21,29-32H,5-6H2,(H5-,22,23,24,25,33,34,35,36,37)/p+1/t10-,11-,13-,14-,15-,16-,20-,21-/m1/s1;InChIKey=BAWFJGJZGIEFAR-NNYOXOHSSA-O
5;NADPH;C21H30N7O17P3;InChI=1S/C21H30N7O17P3/c22-17-12-19(25-7-24-17)28(8-26-12)21-16(44-46(33,34)35)14(30)11(43-21)6-41-48(38,39)45-47(36,37)40-5-10-13(29)15(31)20(42-10)27-3-1-2-9(4-27)18(23)32/h1,3-4,7-8,10-11,13-16,20-21,29-31H,2,5-6H2,(H2,23,32)(H,36,37)(H,38,39)(H2,22,24,25)(H2,33,34,35)/t10-,11-,13-,14-,15-,16-,20-,21-/m1/s1;InChIKey=ACFIXJIJDZMPPO-NNYOXOHSSA-N
4;ATP;C10H16N5O13P3;InChI=1S/C10H16N5O13P3/c11-8-5-9(13-2-12-8)15(3-14-5)10-7(17)6(16)4(26-10)1-25-30(21,22)28-31(23,24)27-29(18,19)20/h2-4,6-7,10,16-17H,1H2,(H,21,22)(H,23,24)(H2,11,12,13)(H2,18,19,20)/t4-,6-,7-,10-/m1/s1;InChIKey=ZKHQWZAMYRWXGA-KQYNXXCUSA-N
1;H2O;H2O;InChI=1S/H2O/h1H2;InChIKey=XLYOFNOQVPJJNP-UHFFFAOYSA-N
